Plate;Issue Date;InfractionCode;Fine Amount;County Name;Issuing Agency
GXH1273;2022-08-25;36;50.0;Kings;DEPARTMENT OF TRANSPORTATION
JKX2438;2020-04-13;36;50.0;Queens;DEPARTMENT OF TRANSPORTATION
ECD2545;2020-07-09;36;50.0;Kings;DEPARTMENT OF TRANSPORTATION
F35GMJ;2017-07-30;53;115.0;New York City;TRAFFIC
T748763C;2020-04-13;36;50.0;Queens;DEPARTMENT OF TRANSPORTATION
HTH2470;2020-07-09;36;50.0;Bronx;DEPARTMENT OF TRANSPORTATION
JHN5990;2020-07-09;36;50.0;Kings;DEPARTMENT OF TRANSPORTATION
GLP4964;2020-07-09;36;50.0;Richmond;DEPARTMENT OF TRANSPORTATION
EKZ5122;2022-03-11;36;50.0;Queens;DEPARTMENT OF TRANSPORTATION
JGJ7348;2020-07-09;36;50.0;Kings;DEPARTMENT OF TRANSPORTATION
HSV9855;2020-07-09;36;50.0;New York City;DEPARTMENT OF TRANSPORTATION
KVD5564;2022-03-21;36;50.0;New York City;DEPARTMENT OF TRANSPORTATION
KTN1627;2022-04-25;36;50.0;Kings;DEPARTMENT OF TRANSPORTATION
JCH7509;2019-11-11;36;50.0;Kings;DEPARTMENT OF TRANSPORTATION
JKE8852;2019-11-11;36;50.0;Queens;DEPARTMENT OF TRANSPORTATION
JKL5542;2020-07-09;36;50.0;Queens;DEPARTMENT OF TRANSPORTATION
JKJ2889;2019-11-11;36;50.0;Queens;DEPARTMENT OF TRANSPORTATION
T707280C;2020-04-13;36;50.0;Kings;DEPARTMENT OF TRANSPORTATION
4H59B;2019-11-11;36;50.0;Bronx;DEPARTMENT OF TRANSPORTATION
JLU6606;2020-04-13;36;50.0;Queens;DEPARTMENT OF TRANSPORTATION
DUV6450;2020-01-21;21;45.0;Kings;TRAFFIC
G51LVB;2020-04-13;36;50.0;Kings;DEPARTMENT OF TRANSPORTATION
G78KKC;2020-04-13;36;50.0;Kings;DEPARTMENT OF TRANSPORTATION
G84KPS;2020-05-18;36;50.0;Kings;DEPARTMENT OF TRANSPORTATION
3E58B;2021-06-07;21;65.0;Queens;TRAFFIC
JNW6444;2021-08-09;36;50.0;New York City;DEPARTMENT OF TRANSPORTATION
KJW3376;2021-08-09;36;50.0;Bronx;DEPARTMENT OF TRANSPORTATION
HVX3425;2019-11-11;36;50.0;Richmond;DEPARTMENT OF TRANSPORTATION
T759161C;2019-11-11;36;50.0;Kings;DEPARTMENT OF TRANSPORTATION
BCN4311;2019-11-11;36;50.0;Bronx;DEPARTMENT OF TRANSPORTATION
KSJ2228;2022-08-22;36;50.0;Bronx;DEPARTMENT OF TRANSPORTATION
T685240C;2020-04-13;36;50.0;Queens;DEPARTMENT OF TRANSPORTATION
HCB3920;2019-11-11;36;50.0;Queens;DEPARTMENT OF TRANSPORTATION
8BMV789;2022-05-26;36;50.0;Bronx;DEPARTMENT OF TRANSPORTATION
H85LES;2020-04-13;36;50.0;Kings;DEPARTMENT OF TRANSPORTATION
HTS1119;2020-04-13;36;50.0;Kings;DEPARTMENT OF TRANSPORTATION
90079CH;2020-05-18;36;50.0;Queens;DEPARTMENT OF TRANSPORTATION
JCM3064;2020-05-18;36;50.0;Kings;DEPARTMENT OF TRANSPORTATION
V22LXW;2020-05-18;36;50.0;Queens;DEPARTMENT OF TRANSPORTATION
E60LVL;2020-05-18;36;50.0;Queens;DEPARTMENT OF TRANSPORTATION
HAY9807;2020-07-09;36;50.0;Kings;DEPARTMENT OF TRANSPORTATION
XGAK43;2020-05-18;36;50.0;Kings;DEPARTMENT OF TRANSPORTATION
KDB9209;2020-09-17;46;115.0;Bronx;TRAFFIC
JEA5689;2020-07-09;36;50.0;Kings;DEPARTMENT OF TRANSPORTATION
FMD3818;2020-05-18;36;50.0;Bronx;DEPARTMENT OF TRANSPORTATION
JDZ2869;2020-07-09;36;50.0;Richmond;DEPARTMENT OF TRANSPORTATION
JMC8765;2021-03-05;21;65.0;Queens;TRAFFIC
HMN3137;2019-11-11;36;50.0;Kings;DEPARTMENT OF TRANSPORTATION
6C94J;2019-11-11;36;50.0;New York City;DEPARTMENT OF TRANSPORTATION
W65LHE;2020-05-18;36;50.0;Queens;DEPARTMENT OF TRANSPORTATION
3EB0902;2020-07-26;40;115.0;Bronx;TRAFFIC
EDA1152;2020-05-18;36;50.0;Richmond;DEPARTMENT OF TRANSPORTATION
HHC7028;2020-05-18;36;50.0;Richmond;DEPARTMENT OF TRANSPORTATION
78378MK;2020-01-24;38;35.0;Kings;TRAFFIC
JGY3922;2020-04-13;36;50.0;Kings;DEPARTMENT OF TRANSPORTATION
P75JXB;2020-04-13;36;50.0;Bronx;DEPARTMENT OF TRANSPORTATION
GTR8026;2020-04-13;36;50.0;Kings;DEPARTMENT OF TRANSPORTATION
EPR6905;2020-04-13;36;50.0;Richmond;DEPARTMENT OF TRANSPORTATION
JNT9161;2020-04-13;36;50.0;Queens;DEPARTMENT OF TRANSPORTATION
FEZ9990;2020-04-13;36;50.0;Richmond;DEPARTMENT OF TRANSPORTATION
T685729C;2020-04-13;36;50.0;Queens;DEPARTMENT OF TRANSPORTATION
XHRG87;2021-11-15;36;50.0;Bronx;DEPARTMENT OF TRANSPORTATION
GML2781;2019-11-11;36;50.0;Queens;DEPARTMENT OF TRANSPORTATION
JGN2481;2019-11-11;36;50.0;Queens;DEPARTMENT OF TRANSPORTATION
EMY2697;2019-11-11;36;50.0;Queens;DEPARTMENT OF TRANSPORTATION
4587238;2019-11-11;36;50.0;New York City;DEPARTMENT OF TRANSPORTATION
Y103102C;2021-06-25;7;50.0;New York City;DEPARTMENT OF TRANSPORTATION
HWY3450;2021-09-10;36;50.0;Queens;DEPARTMENT OF TRANSPORTATION
C68NUF;2021-12-16;36;50.0;New York City;DEPARTMENT OF TRANSPORTATION
JRW1245;2021-09-10;36;50.0;Queens;DEPARTMENT OF TRANSPORTATION
GUW2316;2021-10-11;36;50.0;Kings;DEPARTMENT OF TRANSPORTATION
KRP3704;2021-12-16;36;50.0;Queens;DEPARTMENT OF TRANSPORTATION
KMY8223;2022-08-02;36;50.0;Bronx;DEPARTMENT OF TRANSPORTATION
CHAVES;2019-12-14;38;35.0;Queens;TRAFFIC
GYG7518;2020-04-13;36;50.0;Queens;DEPARTMENT OF TRANSPORTATION
Z43LNV;2020-04-13;36;50.0;Bronx;DEPARTMENT OF TRANSPORTATION
T807432C;2020-04-13;36;50.0;Queens;DEPARTMENT OF TRANSPORTATION
HMZ1047;2020-07-09;36;50.0;Kings;DEPARTMENT OF TRANSPORTATION
JDR1569;2021-06-25;7;50.0;Bronx;DEPARTMENT OF TRANSPORTATION
KJR2032;2022-04-25;36;50.0;New York City;DEPARTMENT OF TRANSPORTATION
9FM779;2020-04-13;36;50.0;Kings;DEPARTMENT OF TRANSPORTATION
J95HKB;2021-09-10;36;50.0;Queens;DEPARTMENT OF TRANSPORTATION
GHF4275;2020-04-13;36;50.0;Richmond;DEPARTMENT OF TRANSPORTATION
JEE8084;2019-11-11;36;50.0;Queens;DEPARTMENT OF TRANSPORTATION
HKM6791;2020-01-03;38;35.0;Queens;TRAFFIC
U77LRG;2019-12-31;38;35.0;Queens;TRAFFIC
13215MH;2019-12-31;38;35.0;Queens;TRAFFIC
N10FNB;2022-12-16;36;50.0;Queens;DEPARTMENT OF TRANSPORTATION
HKE1908;2022-08-02;36;50.0;Kings;DEPARTMENT OF TRANSPORTATION
T102124C;2022-08-02;36;50.0;Kings;DEPARTMENT OF TRANSPORTATION
S86RDN;2022-12-16;36;50.0;Richmond;DEPARTMENT OF TRANSPORTATION
A56MBW;2020-04-13;36;50.0;New York City;DEPARTMENT OF TRANSPORTATION
HTZ7156;2021-03-08;60;45.0;Queens;TRAFFIC
HRG4363;2019-11-11;36;50.0;Queens;DEPARTMENT OF TRANSPORTATION
L30AWU;2020-04-13;36;50.0;Bronx;DEPARTMENT OF TRANSPORTATION
KLW6172;2021-06-25;7;50.0;Queens;DEPARTMENT OF TRANSPORTATION
JNM3159;2020-04-13;36;50.0;Queens;DEPARTMENT OF TRANSPORTATION
CLX5386;2021-09-10;36;50.0;Queens;DEPARTMENT OF TRANSPORTATION
91502ML;2020-04-13;36;50.0;Kings;DEPARTMENT OF TRANSPORTATION
T796168C;2021-03-08;50;115.0;Queens;TRAFFIC
KJX8704;2021-03-08;74;65.0;Queens;TRAFFIC
JCT8249;2019-11-11;36;50.0;Bronx;DEPARTMENT OF TRANSPORTATION
9PC223;2019-11-11;36;50.0;Bronx;DEPARTMENT OF TRANSPORTATION
HRH1003;2019-11-11;36;50.0;Queens;DEPARTMENT OF TRANSPORTATION
JCY4030;2020-07-09;36;50.0;Queens;DEPARTMENT OF TRANSPORTATION
EUK9415;2022-03-11;36;50.0;Richmond;DEPARTMENT OF TRANSPORTATION
JKE2342;2021-10-29;36;50.0;Queens;DEPARTMENT OF TRANSPORTATION
DDP4653;2021-10-29;36;50.0;Queens;DEPARTMENT OF TRANSPORTATION
S81LYV;2021-10-11;36;50.0;Richmond;DEPARTMENT OF TRANSPORTATION
HEB6221;2021-10-11;36;50.0;Queens;DEPARTMENT OF TRANSPORTATION
XCTZ76;2020-04-13;36;50.0;New York City;DEPARTMENT OF TRANSPORTATION
2649DD;2021-03-08;21;65.0;Queens;TRAFFIC
FTX7455;2021-03-08;21;65.0;Queens;TRAFFIC
JME6050;2021-03-08;21;65.0;Queens;TRAFFIC
DNL4851;2020-07-09;36;50.0;Kings;DEPARTMENT OF TRANSPORTATION
GUZ8289;2019-11-11;36;50.0;Bronx;DEPARTMENT OF TRANSPORTATION
DNZ8075;2020-04-13;36;50.0;Kings;DEPARTMENT OF TRANSPORTATION
JMT1029;2020-04-13;36;50.0;Queens;DEPARTMENT OF TRANSPORTATION
HTP4037;2020-04-13;36;50.0;Queens;DEPARTMENT OF TRANSPORTATION
HPZ3803;2019-11-11;36;50.0;Queens;DEPARTMENT OF TRANSPORTATION
MJH1264;2019-11-11;36;50.0;Kings;DEPARTMENT OF TRANSPORTATION
GFV8612;2020-04-13;36;50.0;Bronx;DEPARTMENT OF TRANSPORTATION
JPE7135;2020-09-30;14;115.0;New York City;TRAFFIC
FPZ9959;2021-03-08;21;65.0;Queens;TRAFFIC
JFZ6330;2021-03-08;70;65.0;Queens;TRAFFIC
JFZ6330;2021-03-08;17;95.0;Queens;TRAFFIC
HDW2624;2021-09-10;36;50.0;Kings;DEPARTMENT OF TRANSPORTATION
DPD7299;2022-08-02;36;50.0;Queens;DEPARTMENT OF TRANSPORTATION
KER1450;2021-09-10;36;50.0;Kings;DEPARTMENT OF TRANSPORTATION
HUV5128;2021-10-11;36;50.0;Bronx;DEPARTMENT OF TRANSPORTATION
HWV5550;2020-07-09;36;50.0;Kings;DEPARTMENT OF TRANSPORTATION
DRB1627;2019-11-11;36;50.0;Kings;DEPARTMENT OF TRANSPORTATION
1YVB80;2019-11-11;36;50.0;Bronx;DEPARTMENT OF TRANSPORTATION
48614JX;2020-02-03;16;95.0;Kings;TRAFFIC
1FFD23;2020-04-13;36;50.0;Bronx;DEPARTMENT OF TRANSPORTATION
JAF1470;2020-07-09;36;50.0;Kings;DEPARTMENT OF TRANSPORTATION
JBX6420;2020-07-09;36;50.0;Richmond;DEPARTMENT OF TRANSPORTATION
END4239;2020-07-09;36;50.0;Queens;DEPARTMENT OF TRANSPORTATION
LCF5409;2020-07-09;36;50.0;Richmond;DEPARTMENT OF TRANSPORTATION
GTD2427;2020-07-09;36;50.0;Queens;DEPARTMENT OF TRANSPORTATION
KJR3850;2021-08-31;36;50.0;Queens;DEPARTMENT OF TRANSPORTATION
JMX3552;2020-07-09;36;50.0;Bronx;DEPARTMENT OF TRANSPORTATION
38536NB;2021-11-10;36;50.0;Kings;DEPARTMENT OF TRANSPORTATION
GVA1525;2019-11-11;36;50.0;Bronx;DEPARTMENT OF TRANSPORTATION
18703MA;2019-11-11;36;50.0;Queens;DEPARTMENT OF TRANSPORTATION
KGT7171;2021-08-31;36;50.0;Bronx;DEPARTMENT OF TRANSPORTATION
DREAQT;2020-07-09;36;50.0;Richmond;DEPARTMENT OF TRANSPORTATION
DZG8119;2021-10-11;36;50.0;Richmond;DEPARTMENT OF TRANSPORTATION
HWS9772;2021-08-31;36;50.0;Bronx;DEPARTMENT OF TRANSPORTATION
JFJ4438;2022-08-02;36;50.0;Queens;DEPARTMENT OF TRANSPORTATION
D77PUM;2022-08-02;36;50.0;Bronx;DEPARTMENT OF TRANSPORTATION
79042ML;2020-02-14;38;35.0;Kings;TRAFFIC
PC287761;2022-04-25;36;50.0;Kings;DEPARTMENT OF TRANSPORTATION
ELV2490;2019-11-11;36;50.0;Kings;DEPARTMENT OF TRANSPORTATION
JAK5628;2018-10-04;21;45.0;Kings;TRAFFIC
P93LZV;2020-04-13;36;50.0;Queens;DEPARTMENT OF TRANSPORTATION
FZB2440;2020-01-28;40;115.0;Bronx;TRAFFIC
HVT8786;2020-07-09;36;50.0;Kings;DEPARTMENT OF TRANSPORTATION
T699959C;2020-04-13;36;50.0;Kings;DEPARTMENT OF TRANSPORTATION
HSJ7099;2019-11-11;36;50.0;Bronx;DEPARTMENT OF TRANSPORTATION
JKW9606;2019-11-11;36;50.0;Kings;DEPARTMENT OF TRANSPORTATION
95042JY;2020-04-13;36;50.0;New York City;DEPARTMENT OF TRANSPORTATION
KTF9984;2021-01-28;36;50.0;New York City;DEPARTMENT OF TRANSPORTATION
FXS5442;2020-07-09;36;50.0;Richmond;DEPARTMENT OF TRANSPORTATION
HSS3563;2021-01-28;36;50.0;Queens;DEPARTMENT OF TRANSPORTATION
GWK8109;2021-01-28;36;50.0;Queens;DEPARTMENT OF TRANSPORTATION
KGG3687;2021-01-28;36;50.0;Bronx;DEPARTMENT OF TRANSPORTATION
BNJ9940;2019-11-11;36;50.0;Bronx;DEPARTMENT OF TRANSPORTATION
AP40324;2019-11-11;36;50.0;Queens;DEPARTMENT OF TRANSPORTATION
DTM1173;2020-04-13;36;50.0;Kings;DEPARTMENT OF TRANSPORTATION
ESX7280;2018-05-02;19;115.0;Kings;TRAFFIC
JDN2126;2020-04-13;36;50.0;Kings;DEPARTMENT OF TRANSPORTATION
F86MFV;2020-04-13;36;50.0;Queens;DEPARTMENT OF TRANSPORTATION
JHB9512;2020-02-12;71;65.0;Kings;TRAFFIC
GGM6522;2020-04-13;36;50.0;Richmond;DEPARTMENT OF TRANSPORTATION
NKGL37;2020-04-13;36;50.0;Kings;DEPARTMENT OF TRANSPORTATION
HCW8716;2021-09-10;36;50.0;Queens;DEPARTMENT OF TRANSPORTATION
HUJ3837;2021-09-10;36;50.0;Kings;DEPARTMENT OF TRANSPORTATION
DD896D;2020-04-13;36;50.0;Kings;DEPARTMENT OF TRANSPORTATION
HRB8473;2020-04-13;36;50.0;Bronx;DEPARTMENT OF TRANSPORTATION
KKT4219;2021-10-11;36;50.0;Richmond;DEPARTMENT OF TRANSPORTATION
HPM6225;2019-11-11;36;50.0;Kings;DEPARTMENT OF TRANSPORTATION
2482152;2019-07-12;14;115.0;New York City;TRAFFIC
T750442C;2020-04-13;36;50.0;New York City;DEPARTMENT OF TRANSPORTATION
FGP8747;2020-07-17;40;115.0;Kings;TRAFFIC
JMT4902;2021-08-09;36;50.0;Bronx;DEPARTMENT OF TRANSPORTATION
44156ME;2020-04-13;36;50.0;Queens;DEPARTMENT OF TRANSPORTATION
KSM4326;2022-08-02;36;50.0;Queens;DEPARTMENT OF TRANSPORTATION
LZH3676;2022-12-16;36;50.0;Kings;DEPARTMENT OF TRANSPORTATION
KZD6541;2022-12-16;36;50.0;Kings;DEPARTMENT OF TRANSPORTATION
Y122044;2019-08-30;14;115.0;New York City;TRAFFIC
81329ML;2019-09-12;69;65.0;New York City;TRAFFIC
HBT1644;2019-11-11;36;50.0;Kings;DEPARTMENT OF TRANSPORTATION
97724MK;2019-09-14;47;115.0;New York City;TRAFFIC
GAVONE;2019-11-11;36;50.0;Bronx;DEPARTMENT OF TRANSPORTATION
HRE1151;2019-11-11;36;50.0;Bronx;DEPARTMENT OF TRANSPORTATION
GYX7490;2020-02-18;38;35.0;Kings;TRAFFIC
X11NHD;2022-12-16;36;50.0;Queens;DEPARTMENT OF TRANSPORTATION
T100034C;2022-12-16;36;50.0;New York City;DEPARTMENT OF TRANSPORTATION
GGP4446;2022-12-17;36;50.0;Kings;DEPARTMENT OF TRANSPORTATION
MONTR8AL;2022-12-17;36;50.0;Queens;DEPARTMENT OF TRANSPORTATION
LTP9752;2022-12-17;36;50.0;Bronx;DEPARTMENT OF TRANSPORTATION
T105909C;2022-12-17;36;50.0;New York City;DEPARTMENT OF TRANSPORTATION
KWS4136;2022-12-17;36;50.0;Queens;DEPARTMENT OF TRANSPORTATION
FAN4L5;2020-05-18;36;50.0;Kings;DEPARTMENT OF TRANSPORTATION
252481;2020-05-18;36;50.0;Bronx;DEPARTMENT OF TRANSPORTATION
JBS2255;2020-02-19;68;60.0;Kings;TRAFFIC
1131RN;2020-04-13;36;50.0;Richmond;DEPARTMENT OF TRANSPORTATION
U38MDB;2020-04-13;36;50.0;Kings;DEPARTMENT OF TRANSPORTATION
JHV3351;2020-04-13;36;50.0;Kings;DEPARTMENT OF TRANSPORTATION
HZG1897;2020-04-13;36;50.0;Queens;DEPARTMENT OF TRANSPORTATION
HXV7598;2020-04-13;36;50.0;Kings;DEPARTMENT OF TRANSPORTATION
KNN8536;2022-09-19;7;50.0;Bronx;DEPARTMENT OF TRANSPORTATION
KQWM45;2020-04-13;36;50.0;Kings;DEPARTMENT OF TRANSPORTATION
JMN3594;2021-03-08;21;65.0;Queens;TRAFFIC
GXR3604;2019-11-11;36;50.0;Bronx;DEPARTMENT OF TRANSPORTATION
JKJ1477;2019-11-11;36;50.0;Queens;DEPARTMENT OF TRANSPORTATION
JMN2192;2019-11-11;36;50.0;Richmond;DEPARTMENT OF TRANSPORTATION
54865MC;2019-07-01;40;115.0;Kings;TRAFFIC
KYP4812;2019-11-11;36;50.0;Kings;DEPARTMENT OF TRANSPORTATION
KWE2829;2022-08-22;36;50.0;Queens;DEPARTMENT OF TRANSPORTATION
KPU1101;2022-12-17;36;50.0;Richmond;DEPARTMENT OF TRANSPORTATION
JJB2335;2020-02-19;38;35.0;Kings;TRAFFIC
GYK3963;2017-06-29;70;65.0;Queens;TRAFFIC
KNIY41;2020-04-13;36;50.0;Kings;DEPARTMENT OF TRANSPORTATION
JKV4882;2020-04-13;36;50.0;Queens;DEPARTMENT OF TRANSPORTATION
HZH9004;2021-03-08;71;65.0;Queens;TRAFFIC
T748636C;2022-04-25;36;50.0;Queens;DEPARTMENT OF TRANSPORTATION
HXW5900;2019-11-11;36;50.0;Kings;DEPARTMENT OF TRANSPORTATION
NANUET30;2019-11-11;36;50.0;New York City;DEPARTMENT OF TRANSPORTATION
JEB8541;2019-11-11;36;50.0;Queens;DEPARTMENT OF TRANSPORTATION
GBL6686;2019-11-11;36;50.0;Richmond;DEPARTMENT OF TRANSPORTATION
GAR1363;2019-11-11;36;50.0;Kings;DEPARTMENT OF TRANSPORTATION
HDX8995;2021-06-25;7;50.0;Richmond;DEPARTMENT OF TRANSPORTATION
T779170C;2020-04-13;36;50.0;Bronx;DEPARTMENT OF TRANSPORTATION
T715592C;2019-11-11;36;50.0;Queens;DEPARTMENT OF TRANSPORTATION
FYC9208;2019-11-11;36;50.0;Queens;DEPARTMENT OF TRANSPORTATION
JNM3924;2020-07-09;36;50.0;Kings;DEPARTMENT OF TRANSPORTATION
B73PVW;2022-08-22;36;50.0;Richmond;DEPARTMENT OF TRANSPORTATION
LNJ1637;2021-09-10;36;50.0;Kings;DEPARTMENT OF TRANSPORTATION
GCF1189;2021-10-11;36;50.0;Queens;DEPARTMENT OF TRANSPORTATION
KXT2693;2022-12-17;36;50.0;Queens;DEPARTMENT OF TRANSPORTATION
FXT9101;2018-10-04;36;50.0;Bronx;DEPARTMENT OF TRANSPORTATION
HXL2562;2021-10-11;36;50.0;Queens;DEPARTMENT OF TRANSPORTATION
EPU3976;2020-04-13;36;50.0;Queens;DEPARTMENT OF TRANSPORTATION
JKE9295;2020-04-13;36;50.0;Kings;DEPARTMENT OF TRANSPORTATION
JFH6999;2020-04-13;36;50.0;Kings;DEPARTMENT OF TRANSPORTATION
EFM7152;2020-04-13;36;50.0;New York City;DEPARTMENT OF TRANSPORTATION
D44LNT;2020-04-13;36;50.0;Kings;DEPARTMENT OF TRANSPORTATION
D63GST;2020-04-13;36;50.0;Kings;DEPARTMENT OF TRANSPORTATION
T619665C;2020-04-13;36;50.0;Bronx;DEPARTMENT OF TRANSPORTATION
HNR9795;2019-11-11;36;50.0;Richmond;DEPARTMENT OF TRANSPORTATION
JHZ2000;2019-11-11;36;50.0;Queens;DEPARTMENT OF TRANSPORTATION
JLT9988;2019-11-11;36;50.0;Queens;DEPARTMENT OF TRANSPORTATION
JGS7623;2019-11-11;36;50.0;Bronx;DEPARTMENT OF TRANSPORTATION
FZA4297;2021-09-10;36;50.0;Queens;DEPARTMENT OF TRANSPORTATION
REDZZ;2021-10-29;36;50.0;Bronx;DEPARTMENT OF TRANSPORTATION
GNY6871;2021-10-11;36;50.0;Queens;DEPARTMENT OF TRANSPORTATION
JGY4788;2021-10-29;36;50.0;Kings;DEPARTMENT OF TRANSPORTATION
FP417S;2020-04-13;36;50.0;Kings;DEPARTMENT OF TRANSPORTATION
JPC3323;2021-11-15;36;50.0;Bronx;DEPARTMENT OF TRANSPORTATION
HUT5889;2021-10-11;36;50.0;Queens;DEPARTMENT OF TRANSPORTATION
FXA4145;2021-10-11;36;50.0;Richmond;DEPARTMENT OF TRANSPORTATION
KND2709;2022-08-02;36;50.0;Richmond;DEPARTMENT OF TRANSPORTATION
80908MA;2019-09-03;69;65.0;New York City;TRAFFIC
EVD6926;2018-07-25;46;115.0;Kings;TRAFFIC
GJC5929;2021-06-25;7;50.0;Queens;DEPARTMENT OF TRANSPORTATION
JHJ4140;2020-07-09;36;50.0;Kings;DEPARTMENT OF TRANSPORTATION
LFW2033;2020-02-21;38;35.0;Kings;TRAFFIC
HCZ3463;2020-07-09;36;50.0;Queens;DEPARTMENT OF TRANSPORTATION
J91LWT;2020-04-13;36;50.0;Bronx;DEPARTMENT OF TRANSPORTATION
HVM1380;2020-02-21;38;35.0;Kings;TRAFFIC
RED1197;2020-04-13;36;50.0;Richmond;DEPARTMENT OF TRANSPORTATION
KNV4726;2021-06-25;7;50.0;Richmond;DEPARTMENT OF TRANSPORTATION
JGT4905;2021-09-10;36;50.0;Bronx;DEPARTMENT OF TRANSPORTATION
GGR9061;2021-09-10;36;50.0;Bronx;DEPARTMENT OF TRANSPORTATION
KHH2176;2021-09-10;36;50.0;Kings;DEPARTMENT OF TRANSPORTATION
HFY7624;2021-10-11;36;50.0;Bronx;DEPARTMENT OF TRANSPORTATION
GXR1436;2020-04-13;36;50.0;Queens;DEPARTMENT OF TRANSPORTATION
JHS4706;2022-04-08;14;115.0;Queens;TRAFFIC
HYU6435;2021-09-10;36;50.0;Richmond;DEPARTMENT OF TRANSPORTATION
M62MAR;2021-10-11;36;50.0;Kings;DEPARTMENT OF TRANSPORTATION
HTA3989;2021-11-10;36;50.0;Kings;DEPARTMENT OF TRANSPORTATION
JKC2556;2020-07-09;36;50.0;Queens;DEPARTMENT OF TRANSPORTATION
KAZAN16;2022-12-17;36;50.0;Bronx;DEPARTMENT OF TRANSPORTATION
KFD5400;2022-04-08;40;115.0;Queens;TRAFFIC
BZ52930;2020-04-13;36;50.0;Kings;DEPARTMENT OF TRANSPORTATION
L28LGC;2020-04-13;36;50.0;New York City;DEPARTMENT OF TRANSPORTATION
T770605C;2020-04-13;36;50.0;Kings;DEPARTMENT OF TRANSPORTATION
N22HJH;2018-10-05;36;50.0;Kings;DEPARTMENT OF TRANSPORTATION
EJZ8890;2020-04-13;36;50.0;Kings;DEPARTMENT OF TRANSPORTATION
EWW2469;2019-11-11;36;50.0;Bronx;DEPARTMENT OF TRANSPORTATION
82530ML;2020-04-13;36;50.0;Queens;DEPARTMENT OF TRANSPORTATION
9JT586;2020-07-09;36;50.0;Bronx;DEPARTMENT OF TRANSPORTATION
GYJ3330;2020-03-11;14;115.0;Queens;TRAFFIC
R18LWK;2020-04-13;36;50.0;Kings;DEPARTMENT OF TRANSPORTATION
JJT6117;2021-03-09;21;65.0;Queens;TRAFFIC
JLG3419;2020-07-09;36;50.0;New York City;DEPARTMENT OF TRANSPORTATION
JCX2833;2021-03-09;21;65.0;Queens;TRAFFIC
NKHH42;2020-04-13;36;50.0;Kings;DEPARTMENT OF TRANSPORTATION
EVL7085;2019-11-11;36;50.0;Kings;DEPARTMENT OF TRANSPORTATION
HJJ4821;2019-11-11;36;50.0;Queens;DEPARTMENT OF TRANSPORTATION
HJY6825;2021-06-25;7;50.0;Queens;DEPARTMENT OF TRANSPORTATION
Y101700C;2021-10-11;36;50.0;Kings;DEPARTMENT OF TRANSPORTATION
KSD4516;2021-10-11;36;50.0;Bronx;DEPARTMENT OF TRANSPORTATION
HLUI62;2021-06-25;7;50.0;Kings;DEPARTMENT OF TRANSPORTATION
JEY2497;2022-12-17;36;50.0;Queens;DEPARTMENT OF TRANSPORTATION
HLF4369;2020-04-13;36;50.0;Bronx;DEPARTMENT OF TRANSPORTATION
3B48H;2019-11-11;36;50.0;New York City;DEPARTMENT OF TRANSPORTATION
GAC4736;2020-04-13;36;50.0;Bronx;DEPARTMENT OF TRANSPORTATION
FJX3391;2020-04-13;36;50.0;Kings;DEPARTMENT OF TRANSPORTATION
EKH2102;2020-04-13;36;50.0;Richmond;DEPARTMENT OF TRANSPORTATION
HGF7437;2020-04-13;36;50.0;Queens;DEPARTMENT OF TRANSPORTATION
T602725C;2020-04-13;36;50.0;Queens;DEPARTMENT OF TRANSPORTATION
JNN6412;2020-07-09;36;50.0;Queens;DEPARTMENT OF TRANSPORTATION
FHN2854;2021-03-09;21;65.0;Queens;TRAFFIC
EDG5936;2022-12-17;36;50.0;Kings;DEPARTMENT OF TRANSPORTATION
D87LWL;2020-04-13;36;50.0;New York City;DEPARTMENT OF TRANSPORTATION
T645372C;2020-04-13;36;50.0;Queens;DEPARTMENT OF TRANSPORTATION
SENPAI;2022-12-17;36;50.0;Queens;DEPARTMENT OF TRANSPORTATION
ERL9661;2019-11-11;36;50.0;Queens;DEPARTMENT OF TRANSPORTATION
HKD9263;2019-11-11;36;50.0;Kings;DEPARTMENT OF TRANSPORTATION
HAZ6575;2020-04-13;36;50.0;Kings;DEPARTMENT OF TRANSPORTATION
KJG4359;2022-07-16;7;50.0;Queens;DEPARTMENT OF TRANSPORTATION
HXK4108;2022-08-25;36;50.0;New York City;DEPARTMENT OF TRANSPORTATION
GVD1996;2020-04-13;36;50.0;Queens;DEPARTMENT OF TRANSPORTATION
JMJ2658;2020-02-24;38;35.0;Kings;TRAFFIC
FPJ2510;2020-04-13;36;50.0;Bronx;DEPARTMENT OF TRANSPORTATION
JNR6959;2020-04-13;36;50.0;Kings;DEPARTMENT OF TRANSPORTATION
L83LSY;2020-04-13;36;50.0;Kings;DEPARTMENT OF TRANSPORTATION
JMJ3499;2020-04-13;36;50.0;Queens;DEPARTMENT OF TRANSPORTATION
JNC9858;2020-04-13;36;50.0;Kings;DEPARTMENT OF TRANSPORTATION
JGB5754;2020-04-13;36;50.0;Queens;DEPARTMENT OF TRANSPORTATION
ARD3205;2020-04-13;36;50.0;Queens;DEPARTMENT OF TRANSPORTATION
G20NLS;2022-12-17;36;50.0;Richmond;DEPARTMENT OF TRANSPORTATION
LION77;2020-05-18;36;50.0;Queens;DEPARTMENT OF TRANSPORTATION
HBT1644;2019-11-11;36;50.0;Kings;DEPARTMENT OF TRANSPORTATION
CMV4000;2019-11-11;36;50.0;Kings;DEPARTMENT OF TRANSPORTATION
EWU9603;2019-11-11;36;50.0;Kings;DEPARTMENT OF TRANSPORTATION
FHW6237;2019-11-11;36;50.0;Queens;DEPARTMENT OF TRANSPORTATION
HTJ5808;2022-08-25;36;50.0;Kings;DEPARTMENT OF TRANSPORTATION
JGX8732;2019-07-02;70;65.0;Bronx;TRAFFIC
LBT0493;2019-11-11;36;50.0;Bronx;DEPARTMENT OF TRANSPORTATION
U34LDL;2020-05-18;36;50.0;New York City;DEPARTMENT OF TRANSPORTATION
KWS1860;2022-08-22;36;50.0;Queens;DEPARTMENT OF TRANSPORTATION
GNE4989;2022-08-02;36;50.0;Kings;DEPARTMENT OF TRANSPORTATION
HPU6938;2018-01-20;40;115.0;Kings;TRAFFIC
43114MJ;2019-09-16;9;115.0;New York City;TRAFFIC
FTV8941;2020-02-26;14;115.0;Kings;TRAFFIC
76880MJ;2019-09-14;69;65.0;New York City;TRAFFIC
65132MM;2019-09-04;47;115.0;New York City;TRAFFIC
HRJ7479;2020-02-26;38;35.0;Kings;TRAFFIC
83223ML;2020-02-26;10;115.0;Kings;TRAFFIC
ASL5399;2020-04-13;36;50.0;Kings;DEPARTMENT OF TRANSPORTATION
JAK1564;2020-07-09;36;50.0;New York City;DEPARTMENT OF TRANSPORTATION
CAH2986;2020-07-09;36;50.0;Queens;DEPARTMENT OF TRANSPORTATION
JHG1006;2020-04-13;36;50.0;Queens;DEPARTMENT OF TRANSPORTATION
HMM2573;2020-04-13;36;50.0;Richmond;DEPARTMENT OF TRANSPORTATION
ELD4343;2022-03-11;36;50.0;Queens;DEPARTMENT OF TRANSPORTATION
HMC7068;2020-04-13;36;50.0;Queens;DEPARTMENT OF TRANSPORTATION
HHF7146;2018-02-15;21;45.0;Kings;TRAFFIC
3LE348;2022-12-17;36;50.0;Queens;DEPARTMENT OF TRANSPORTATION
XDKG81;2020-02-26;14;115.0;Kings;TRAFFIC
7CP333;2019-09-14;38;65.0;New York City;TRAFFIC
HYW6428;2018-10-19;68;60.0;Kings;TRAFFIC
JER2733;2022-03-11;36;50.0;Queens;DEPARTMENT OF TRANSPORTATION
T693185C;2022-03-21;36;50.0;Queens;DEPARTMENT OF TRANSPORTATION
JDM7272;2022-03-21;36;50.0;Queens;DEPARTMENT OF TRANSPORTATION
GGA3691;2019-11-11;36;50.0;Queens;DEPARTMENT OF TRANSPORTATION
14467MJ;2019-09-17;14;115.0;New York City;TRAFFIC
2907943;2019-09-05;19;115.0;New York City;TRAFFIC
GVA9386;2019-11-11;36;50.0;Queens;DEPARTMENT OF TRANSPORTATION
XCJD20;2019-09-17;69;65.0;New York City;TRAFFIC
XFNG78;2019-09-16;50;115.0;New York City;TRAFFIC
XW4730;2019-09-05;14;115.0;New York City;TRAFFIC
31248PC;2019-09-05;14;115.0;New York City;TRAFFIC
GNH1471;2019-11-11;36;50.0;Queens;DEPARTMENT OF TRANSPORTATION
BBV7172;2019-11-11;36;50.0;Queens;DEPARTMENT OF TRANSPORTATION
GMD3098;2019-11-11;36;50.0;Bronx;DEPARTMENT OF TRANSPORTATION
GEK6634;2017-08-04;70;65.0;Richmond;TRAFFIC
GEK6634;2017-08-09;70;65.0;Richmond;TRAFFIC
HUC3314;2020-04-13;36;50.0;Queens;DEPARTMENT OF TRANSPORTATION
GEK6634;2017-08-09;71;65.0;Richmond;TRAFFIC
JPR6769;2022-12-17;36;50.0;Queens;DEPARTMENT OF TRANSPORTATION
KEK4813;2021-01-28;36;50.0;Bronx;DEPARTMENT OF TRANSPORTATION
FZD8089;2020-04-13;36;50.0;Kings;DEPARTMENT OF TRANSPORTATION
E59BZV;2019-09-17;9;115.0;New York City;TRAFFIC
HSH2787;2022-12-17;36;50.0;Queens;DEPARTMENT OF TRANSPORTATION
54283MN;2019-09-17;69;65.0;New York City;TRAFFIC
HPJ3972;2020-04-13;36;50.0;Bronx;DEPARTMENT OF TRANSPORTATION
E40LCG;2020-04-13;36;50.0;Kings;DEPARTMENT OF TRANSPORTATION
JJJ3223;2020-02-27;40;115.0;Kings;TRAFFIC
92813JE;2020-02-27;14;115.0;Kings;TRAFFIC
LMHB66;2020-04-13;36;50.0;Queens;DEPARTMENT OF TRANSPORTATION
B28JZP;2020-04-13;36;50.0;Kings;DEPARTMENT OF TRANSPORTATION
JNW5574;2020-04-13;36;50.0;Kings;DEPARTMENT OF TRANSPORTATION
JFS3814;2019-11-19;14;115.0;New York City;TRAFFIC
LLX8;2020-04-13;36;50.0;Kings;DEPARTMENT OF TRANSPORTATION
KDK1176;2021-01-28;36;50.0;Richmond;DEPARTMENT OF TRANSPORTATION
ACK1675;2020-05-18;36;50.0;Queens;DEPARTMENT OF TRANSPORTATION
HUW4221;2021-01-28;36;50.0;Kings;DEPARTMENT OF TRANSPORTATION
LBJ0245;2020-04-13;36;50.0;Queens;DEPARTMENT OF TRANSPORTATION
HRB8473;2020-04-13;36;50.0;Bronx;DEPARTMENT OF TRANSPORTATION
HME7167;2021-01-08;21;65.0;Bronx;DEPARTMENT OF SANITATION
KMP1456;2019-11-11;36;50.0;Kings;DEPARTMENT OF TRANSPORTATION
IEPK32;2019-11-11;36;50.0;Queens;DEPARTMENT OF TRANSPORTATION
JNN8152;2021-09-10;36;50.0;Kings;DEPARTMENT OF TRANSPORTATION
JLP2606;2020-04-13;36;50.0;Queens;DEPARTMENT OF TRANSPORTATION
KHE6851;2021-10-11;36;50.0;Kings;DEPARTMENT OF TRANSPORTATION
KKB9824;2021-12-16;36;50.0;Queens;DEPARTMENT OF TRANSPORTATION
TYG2917;2022-12-17;36;50.0;Queens;DEPARTMENT OF TRANSPORTATION
34851ML;2019-09-19;47;115.0;New York City;TRAFFIC
GSB3416;2019-11-11;36;50.0;Bronx;DEPARTMENT OF TRANSPORTATION
GHN6433;2019-11-11;36;50.0;Bronx;DEPARTMENT OF TRANSPORTATION
77555MG;2019-09-18;69;65.0;New York City;TRAFFIC
GNG3060;2019-11-11;36;50.0;Richmond;DEPARTMENT OF TRANSPORTATION
JBB3911;2019-11-11;36;50.0;New York City;DEPARTMENT OF TRANSPORTATION
JCN2537;2019-11-11;36;50.0;Kings;DEPARTMENT OF TRANSPORTATION
GFL4540;2019-11-11;36;50.0;Kings;DEPARTMENT OF TRANSPORTATION
T745962C;2020-04-13;36;50.0;Kings;DEPARTMENT OF TRANSPORTATION
HNZ1955;2020-02-27;38;35.0;Kings;TRAFFIC
HYA6430;2020-04-13;36;50.0;Bronx;DEPARTMENT OF TRANSPORTATION
KGN3600;2021-06-25;7;50.0;New York City;DEPARTMENT OF TRANSPORTATION
JCN5047;2020-04-13;36;50.0;Queens;DEPARTMENT OF TRANSPORTATION
HZN3709;2020-02-27;38;35.0;Kings;TRAFFIC
GRA5980;2020-02-27;38;35.0;Kings;TRAFFIC
AP840X;2020-02-28;11;115.0;Kings;TRAFFIC
KHA4306;2022-03-11;36;50.0;Kings;DEPARTMENT OF TRANSPORTATION
HAR2203;2022-04-25;36;50.0;Queens;DEPARTMENT OF TRANSPORTATION
KJM9304;2021-07-23;36;50.0;Queens;DEPARTMENT OF TRANSPORTATION
GJH3134;2022-03-11;36;50.0;Queens;DEPARTMENT OF TRANSPORTATION
HLT9640;2022-12-17;36;50.0;Bronx;DEPARTMENT OF TRANSPORTATION
EXT1036;2020-04-13;36;50.0;Bronx;DEPARTMENT OF TRANSPORTATION
HFZ1789;2019-11-11;36;50.0;Kings;DEPARTMENT OF TRANSPORTATION
C24LUV;2020-04-13;36;50.0;Kings;DEPARTMENT OF TRANSPORTATION
B53MBX;2020-04-13;36;50.0;Kings;DEPARTMENT OF TRANSPORTATION
ENK3520;2020-04-13;36;50.0;Richmond;DEPARTMENT OF TRANSPORTATION
JBD3883;2020-04-13;36;50.0;Queens;DEPARTMENT OF TRANSPORTATION
ETD6816;2021-10-11;36;50.0;Queens;DEPARTMENT OF TRANSPORTATION
JEN6629;2020-04-13;36;50.0;Bronx;DEPARTMENT OF TRANSPORTATION
J71JGG;2019-11-19;14;115.0;New York City;TRAFFIC
BEU3505;2021-10-29;36;50.0;Kings;DEPARTMENT OF TRANSPORTATION
T630040C;2021-10-11;36;50.0;Queens;DEPARTMENT OF TRANSPORTATION
GFW5130;2019-11-11;36;50.0;Queens;DEPARTMENT OF TRANSPORTATION
GYC4914;2019-11-11;36;50.0;Queens;DEPARTMENT OF TRANSPORTATION
ZPC97G;2020-04-13;36;50.0;Queens;DEPARTMENT OF TRANSPORTATION
S12JCY;2021-12-16;36;50.0;Richmond;DEPARTMENT OF TRANSPORTATION
JGS7955;2021-10-29;36;50.0;Queens;DEPARTMENT OF TRANSPORTATION
GPC9885;2020-04-13;36;50.0;Queens;DEPARTMENT OF TRANSPORTATION
HDT7390;2021-10-11;36;50.0;Kings;DEPARTMENT OF TRANSPORTATION
HSZ6952;2018-10-29;14;115.0;Bronx;TRAFFIC
91979NB;2022-05-26;36;50.0;Queens;DEPARTMENT OF TRANSPORTATION
HGZ5457;2022-12-17;36;50.0;New York City;DEPARTMENT OF TRANSPORTATION
GED7673;2019-12-19;38;35.0;Queens;TRAFFIC
DWA3738;2020-04-13;36;50.0;Queens;DEPARTMENT OF TRANSPORTATION
UVL5110;2020-04-13;36;50.0;Kings;DEPARTMENT OF TRANSPORTATION
JEJ1254;2020-07-09;36;50.0;Bronx;DEPARTMENT OF TRANSPORTATION
80244MN;2020-04-13;36;50.0;Kings;DEPARTMENT OF TRANSPORTATION
HSV8026;2020-07-09;36;50.0;Queens;DEPARTMENT OF TRANSPORTATION
JBX8822;2020-04-13;36;50.0;Queens;DEPARTMENT OF TRANSPORTATION
JMZ8903;2020-04-13;36;50.0;Queens;DEPARTMENT OF TRANSPORTATION
JME4085;2019-11-19;21;65.0;New York City;TRAFFIC
HTM6059;2019-11-11;36;50.0;Queens;DEPARTMENT OF TRANSPORTATION
JKE3135;2019-11-11;36;50.0;Kings;DEPARTMENT OF TRANSPORTATION
T521049C;2022-03-11;36;50.0;Bronx;DEPARTMENT OF TRANSPORTATION
HYX8078;2022-03-11;36;50.0;Queens;DEPARTMENT OF TRANSPORTATION
GHK3016;2019-11-11;36;50.0;Queens;DEPARTMENT OF TRANSPORTATION
HSW2378;2019-11-11;36;50.0;Kings;DEPARTMENT OF TRANSPORTATION
KNA6816;2022-12-17;36;50.0;Kings;DEPARTMENT OF TRANSPORTATION
AVX2555;2022-08-02;36;50.0;Queens;DEPARTMENT OF TRANSPORTATION
T782654C;2020-04-13;36;50.0;Queens;DEPARTMENT OF TRANSPORTATION
CEB5904;2020-07-09;36;50.0;Kings;DEPARTMENT OF TRANSPORTATION
GHK4827;2022-03-11;36;50.0;Kings;DEPARTMENT OF TRANSPORTATION
BBV7899;2020-07-09;36;50.0;Kings;DEPARTMENT OF TRANSPORTATION
XGGG78;2019-09-21;38;65.0;New York City;TRAFFIC
J67DLL;2019-09-19;9;115.0;New York City;TRAFFIC
JHL1895;2020-07-09;36;50.0;Kings;DEPARTMENT OF TRANSPORTATION
JRU1010;2020-07-09;36;50.0;Kings;DEPARTMENT OF TRANSPORTATION
JNF6913;2020-07-09;36;50.0;Kings;DEPARTMENT OF TRANSPORTATION
HTL1570;2020-07-09;36;50.0;Kings;DEPARTMENT OF TRANSPORTATION
JME7257;2021-06-25;7;50.0;Queens;DEPARTMENT OF TRANSPORTATION
F97KYA;2021-01-28;36;50.0;Kings;DEPARTMENT OF TRANSPORTATION
FXB4906;2021-01-28;36;50.0;Kings;DEPARTMENT OF TRANSPORTATION
AJ68107;2020-03-03;38;35.0;Kings;TRAFFIC
JRS6839;2021-01-28;36;50.0;Queens;DEPARTMENT OF TRANSPORTATION
DYC5162;2021-10-29;36;50.0;Queens;DEPARTMENT OF TRANSPORTATION
HZF9980;2021-10-11;36;50.0;Queens;DEPARTMENT OF TRANSPORTATION
FFX6471;2020-07-09;36;50.0;Kings;DEPARTMENT OF TRANSPORTATION
HZS5785;2019-09-19;31;115.0;New York City;TRAFFIC
38115ML;2019-09-20;9;115.0;New York City;TRAFFIC
CBV9895;2020-04-13;36;50.0;Queens;DEPARTMENT OF TRANSPORTATION
DNE9804;2022-12-17;36;50.0;Kings;DEPARTMENT OF TRANSPORTATION
JRW7809;2020-07-09;36;50.0;Bronx;DEPARTMENT OF TRANSPORTATION
KKB1424;2022-12-17;36;50.0;Bronx;DEPARTMENT OF TRANSPORTATION
PBB477;2019-09-26;5;50.0;Bronx;DEPARTMENT OF TRANSPORTATION
HUV5304;2019-11-11;36;50.0;Bronx;DEPARTMENT OF TRANSPORTATION
KLN3990;2019-09-26;5;50.0;Queens;DEPARTMENT OF TRANSPORTATION
HNZ1532;2019-09-26;5;50.0;Bronx;DEPARTMENT OF TRANSPORTATION
EDL1669;2020-03-03;38;35.0;Kings;TRAFFIC
JHV6003;2020-03-03;38;35.0;Kings;TRAFFIC
83077MA;2019-11-11;36;50.0;Kings;DEPARTMENT OF TRANSPORTATION
REY927;2020-04-13;36;50.0;Queens;DEPARTMENT OF TRANSPORTATION
JRM3510;2021-03-02;71;65.0;Queens;TRAFFIC
ASL7366;2021-11-15;36;50.0;Kings;DEPARTMENT OF TRANSPORTATION
HME7389;2021-11-15;36;50.0;Kings;DEPARTMENT OF TRANSPORTATION
DFH5169;2022-05-26;36;50.0;Bronx;DEPARTMENT OF TRANSPORTATION
KLE3544;2022-04-25;36;50.0;Bronx;DEPARTMENT OF TRANSPORTATION
P22MKB;2021-11-15;36;50.0;Kings;DEPARTMENT OF TRANSPORTATION
BA05536;2021-11-15;36;50.0;Bronx;DEPARTMENT OF TRANSPORTATION
GTJ7731;2022-08-02;36;50.0;Kings;DEPARTMENT OF TRANSPORTATION
HXL9964;2019-11-11;36;50.0;Queens;DEPARTMENT OF TRANSPORTATION
GMK1328;2019-11-11;36;50.0;Kings;DEPARTMENT OF TRANSPORTATION
GRE7466;2022-09-19;7;50.0;Kings;DEPARTMENT OF TRANSPORTATION
49AX64;2022-08-02;36;50.0;New York City;DEPARTMENT OF TRANSPORTATION
HNN8841;2019-11-11;36;50.0;Queens;DEPARTMENT OF TRANSPORTATION
T679833C;2019-09-24;9;115.0;New York City;TRAFFIC
JLK5965;2019-11-11;36;50.0;Bronx;DEPARTMENT OF TRANSPORTATION
AFGC75;2019-11-11;36;50.0;Bronx;DEPARTMENT OF TRANSPORTATION
8F18A;2019-11-11;36;50.0;New York City;DEPARTMENT OF TRANSPORTATION
JLH6754;2019-11-11;36;50.0;Kings;DEPARTMENT OF TRANSPORTATION
16130PC;2018-08-18;14;115.0;New York City;TRAFFIC
B48LEK;2020-04-13;36;50.0;Queens;DEPARTMENT OF TRANSPORTATION
T689798C;2020-04-13;36;50.0;Queens;DEPARTMENT OF TRANSPORTATION
GXM6746;2020-07-09;36;50.0;Kings;DEPARTMENT OF TRANSPORTATION
JFR3805;2021-01-25;40;115.0;Bronx;TRAFFIC
HKM8256;2021-10-08;21;65.0;Queens;TRAFFIC
HKP3636;2019-11-11;36;50.0;Richmond;DEPARTMENT OF TRANSPORTATION
4V25A;2019-09-24;9;115.0;New York City;TRAFFIC
T604836C;2019-09-24;9;115.0;New York City;TRAFFIC
KHM1882;2021-06-25;7;50.0;Queens;DEPARTMENT OF TRANSPORTATION
HKH5406;2022-12-17;36;50.0;Richmond;DEPARTMENT OF TRANSPORTATION
VETUS;2022-12-17;36;50.0;Kings;DEPARTMENT OF TRANSPORTATION
HWF8044;2019-09-24;9;115.0;New York City;TRAFFIC
G35LXU;2020-04-13;36;50.0;New York City;DEPARTMENT OF TRANSPORTATION
HLD1049;2020-07-09;36;50.0;Kings;DEPARTMENT OF TRANSPORTATION
KEL8335;2021-06-25;7;50.0;Queens;DEPARTMENT OF TRANSPORTATION
DAV735;2020-04-13;36;50.0;Queens;DEPARTMENT OF TRANSPORTATION
MSAIF;2020-04-13;36;50.0;Queens;DEPARTMENT OF TRANSPORTATION
JJK9392;2021-08-31;36;50.0;Bronx;DEPARTMENT OF TRANSPORTATION
JNA1180;2021-11-15;36;50.0;Queens;DEPARTMENT OF TRANSPORTATION
HBR2639;2020-07-09;36;50.0;New York City;DEPARTMENT OF TRANSPORTATION
Y79NBC;2021-08-31;36;50.0;New York City;DEPARTMENT OF TRANSPORTATION
HZM9349;2021-08-31;36;50.0;Kings;DEPARTMENT OF TRANSPORTATION
HUZ2803;2021-08-31;36;50.0;Queens;DEPARTMENT OF TRANSPORTATION
KHS3140;2021-10-29;36;50.0;Queens;DEPARTMENT OF TRANSPORTATION
HFS4319;2022-03-21;36;50.0;Bronx;DEPARTMENT OF TRANSPORTATION
T12MXK;2022-12-17;36;50.0;New York City;DEPARTMENT OF TRANSPORTATION
Y64XMY;2019-11-11;36;50.0;Queens;DEPARTMENT OF TRANSPORTATION
JJT4897;2019-11-11;36;50.0;Kings;DEPARTMENT OF TRANSPORTATION
M75KFE;2019-11-11;36;50.0;Kings;DEPARTMENT OF TRANSPORTATION
JKC5930;2021-06-25;7;50.0;Bronx;DEPARTMENT OF TRANSPORTATION
BKNY77;2021-08-31;36;50.0;Kings;DEPARTMENT OF TRANSPORTATION
T47JKL;2020-04-13;36;50.0;Kings;DEPARTMENT OF TRANSPORTATION
JGB7476;2019-11-11;36;50.0;Queens;DEPARTMENT OF TRANSPORTATION
JGW2940;2020-04-13;36;50.0;Kings;DEPARTMENT OF TRANSPORTATION
FGN2563;2020-04-13;36;50.0;Queens;DEPARTMENT OF TRANSPORTATION
GLJ9997;2020-04-13;36;50.0;Bronx;DEPARTMENT OF TRANSPORTATION
HKX4681;2020-04-13;36;50.0;New York City;DEPARTMENT OF TRANSPORTATION
KLN3119;2022-05-26;36;50.0;New York City;DEPARTMENT OF TRANSPORTATION
51DY06;2020-05-18;36;50.0;Queens;DEPARTMENT OF TRANSPORTATION
HIE9275;2020-04-13;36;50.0;Queens;DEPARTMENT OF TRANSPORTATION
AU105X;2020-10-08;84;65.0;New York City;TRAFFIC
KMA9260;2021-06-25;7;50.0;Queens;DEPARTMENT OF TRANSPORTATION
DKH3532;2021-06-25;7;50.0;Queens;DEPARTMENT OF TRANSPORTATION
ULL3553;2020-04-13;36;50.0;Bronx;DEPARTMENT OF TRANSPORTATION
ZNT3580;2019-10-23;36;50.0;New York City;DEPARTMENT OF TRANSPORTATION
W35JMM;2019-11-11;36;50.0;Bronx;DEPARTMENT OF TRANSPORTATION
K92NAE;2021-09-10;36;50.0;Kings;DEPARTMENT OF TRANSPORTATION
T738624C;2020-04-13;36;50.0;Queens;DEPARTMENT OF TRANSPORTATION
JSE1381;2021-11-10;36;50.0;Kings;DEPARTMENT OF TRANSPORTATION
JAK4852;2022-03-11;36;50.0;Richmond;DEPARTMENT OF TRANSPORTATION
HTK4326;2022-12-17;36;50.0;Queens;DEPARTMENT OF TRANSPORTATION
CTX3627;2022-08-02;36;50.0;Queens;DEPARTMENT OF TRANSPORTATION
431PH9;2018-10-05;36;50.0;Kings;DEPARTMENT OF TRANSPORTATION
HRD7441;2019-10-28;36;50.0;Richmond;DEPARTMENT OF TRANSPORTATION
Y102783C;2020-04-13;36;50.0;Kings;DEPARTMENT OF TRANSPORTATION
W99FFN;2020-04-13;36;50.0;Queens;DEPARTMENT OF TRANSPORTATION
GGR2020;2020-04-13;36;50.0;Queens;DEPARTMENT OF TRANSPORTATION
X30MDH;2020-04-13;36;50.0;Richmond;DEPARTMENT OF TRANSPORTATION
B4GHDAD;2021-06-25;7;50.0;Kings;DEPARTMENT OF TRANSPORTATION
KDR6573;2021-10-11;36;50.0;Bronx;DEPARTMENT OF TRANSPORTATION
KDA2055;2021-10-29;36;50.0;Bronx;DEPARTMENT OF TRANSPORTATION
65146MM;2020-02-07;46;115.0;New York City;TRAFFIC
16599NA;2020-10-14;47;115.0;New York City;TRAFFIC
HXA5227;2019-10-28;36;50.0;Richmond;DEPARTMENT OF TRANSPORTATION
HZM1356;2019-11-04;36;50.0;New York City;DEPARTMENT OF TRANSPORTATION
3C62H;2019-11-04;36;50.0;New York City;DEPARTMENT OF TRANSPORTATION
C17JTB;2019-10-23;36;50.0;New York City;DEPARTMENT OF TRANSPORTATION
HPD8986;2019-11-04;36;50.0;New York City;DEPARTMENT OF TRANSPORTATION
JHV8842;2020-05-18;36;50.0;Richmond;DEPARTMENT OF TRANSPORTATION
N32JBT;2019-10-23;36;50.0;New York City;DEPARTMENT OF TRANSPORTATION
KTW8271;2022-12-17;36;50.0;Queens;DEPARTMENT OF TRANSPORTATION
HAS5638;2022-08-02;36;50.0;Richmond;DEPARTMENT OF TRANSPORTATION
GJT3612;2020-04-13;36;50.0;Queens;DEPARTMENT OF TRANSPORTATION
HLW2934;2018-10-09;36;50.0;Bronx;DEPARTMENT OF TRANSPORTATION
FSC3727;2020-10-01;98;95.0;Bronx;PARKS DEPARTMENT
UWU3814;2020-04-13;36;50.0;Kings;DEPARTMENT OF TRANSPORTATION
KKP7763;2021-06-25;7;50.0;Kings;DEPARTMENT OF TRANSPORTATION
GPW3091;2021-09-10;36;50.0;Kings;DEPARTMENT OF TRANSPORTATION
Y104019C;2021-10-11;36;50.0;Queens;DEPARTMENT OF TRANSPORTATION
KFS6638;2022-05-26;36;50.0;Kings;DEPARTMENT OF TRANSPORTATION
KKA8039;2022-12-17;36;50.0;Kings;DEPARTMENT OF TRANSPORTATION
KBR2145;2022-12-17;36;50.0;Queens;DEPARTMENT OF TRANSPORTATION
80052;2022-12-17;36;50.0;Queens;DEPARTMENT OF TRANSPORTATION
FTZ9776;2020-04-13;36;50.0;Richmond;DEPARTMENT OF TRANSPORTATION
T658343C;2020-04-13;36;50.0;Bronx;DEPARTMENT OF TRANSPORTATION
GCX2445;2022-12-17;36;50.0;Queens;DEPARTMENT OF TRANSPORTATION
JFW3470;2019-11-04;36;50.0;New York City;DEPARTMENT OF TRANSPORTATION
HLE9174;2019-11-04;36;50.0;Richmond;DEPARTMENT OF TRANSPORTATION
2M38H;2019-11-04;36;50.0;New York City;DEPARTMENT OF TRANSPORTATION
JLU8472;2020-04-13;36;50.0;Kings;DEPARTMENT OF TRANSPORTATION
S85JPD;2019-11-04;36;50.0;Richmond;DEPARTMENT OF TRANSPORTATION
Y100509C;2020-04-13;36;50.0;New York City;DEPARTMENT OF TRANSPORTATION
JPL9511;2020-04-13;36;50.0;Bronx;DEPARTMENT OF TRANSPORTATION
T692433C;2020-04-13;36;50.0;Kings;DEPARTMENT OF TRANSPORTATION
JBB1272;2018-10-09;36;50.0;Kings;DEPARTMENT OF TRANSPORTATION
JHG6694;2020-04-13;36;50.0;Queens;DEPARTMENT OF TRANSPORTATION
92392;2020-04-13;36;50.0;Kings;DEPARTMENT OF TRANSPORTATION
JNC7637;2020-04-13;36;50.0;Kings;DEPARTMENT OF TRANSPORTATION
T47JKL;2020-04-13;36;50.0;Kings;DEPARTMENT OF TRANSPORTATION
GYB4039;2020-05-18;36;50.0;Queens;DEPARTMENT OF TRANSPORTATION
JNF3592;2020-05-18;36;50.0;Kings;DEPARTMENT OF TRANSPORTATION
JER2933;2020-04-13;36;50.0;Queens;DEPARTMENT OF TRANSPORTATION
KHF1699;2021-05-09;40;115.0;New York City;TRAFFIC
HEB6488;2019-11-04;36;50.0;New York City;DEPARTMENT OF TRANSPORTATION
Y102554C;2019-11-04;36;50.0;New York City;DEPARTMENT OF TRANSPORTATION
KHV9985;2022-12-17;36;50.0;Queens;DEPARTMENT OF TRANSPORTATION
GAW3684;2018-10-09;36;50.0;Kings;DEPARTMENT OF TRANSPORTATION
KSB5267;2022-03-11;36;50.0;Queens;DEPARTMENT OF TRANSPORTATION
KUJ8186;2022-12-17;36;50.0;Richmond;DEPARTMENT OF TRANSPORTATION
HBT6113;2019-11-05;36;50.0;New York City;DEPARTMENT OF TRANSPORTATION
GXR2824;2019-01-08;21;45.0;Kings;TRAFFIC
RH27;2020-04-13;36;50.0;Kings;DEPARTMENT OF TRANSPORTATION
GVS4928;2019-09-26;5;50.0;Kings;DEPARTMENT OF TRANSPORTATION
HGV3201;2019-11-05;36;50.0;New York City;DEPARTMENT OF TRANSPORTATION
T673003C;2020-04-13;36;50.0;Queens;DEPARTMENT OF TRANSPORTATION
JPM1948;2020-07-09;36;50.0;Queens;DEPARTMENT OF TRANSPORTATION
JJB3667;2020-04-13;36;50.0;Kings;DEPARTMENT OF TRANSPORTATION
T778339C;2020-04-13;36;50.0;Queens;DEPARTMENT OF TRANSPORTATION
LCH3023;2019-09-25;5;50.0;Kings;DEPARTMENT OF TRANSPORTATION
KJL1020;2021-11-10;36;50.0;Queens;DEPARTMENT OF TRANSPORTATION
XGFK56;2018-09-18;19;115.0;New York City;TRAFFIC
KPZ7209;2021-11-10;36;50.0;Richmond;DEPARTMENT OF TRANSPORTATION
AW75538;2021-11-15;36;50.0;Bronx;DEPARTMENT OF TRANSPORTATION
1MEM37;2021-11-10;36;50.0;Bronx;DEPARTMENT OF TRANSPORTATION
Y101245C;2019-11-05;36;50.0;New York City;DEPARTMENT OF TRANSPORTATION
5N33A;2019-11-05;36;50.0;New York City;DEPARTMENT OF TRANSPORTATION
JGY3326;2021-11-15;36;50.0;Kings;DEPARTMENT OF TRANSPORTATION
FCV3584;2022-12-17;36;50.0;Bronx;DEPARTMENT OF TRANSPORTATION
HNZ6570;2020-07-09;36;50.0;Kings;DEPARTMENT OF TRANSPORTATION
KNV4716;2022-12-17;36;50.0;Kings;DEPARTMENT OF TRANSPORTATION
JMJ6786;2019-11-05;36;50.0;New York City;DEPARTMENT OF TRANSPORTATION
HZU1490;2020-04-13;36;50.0;Bronx;DEPARTMENT OF TRANSPORTATION
RUR6199;2020-05-18;36;50.0;New York City;DEPARTMENT OF TRANSPORTATION
KJA6979;2021-02-13;40;115.0;Bronx;TRAFFIC
KTP1251;2022-12-17;36;50.0;Queens;DEPARTMENT OF TRANSPORTATION
GLJ2808;2020-04-13;36;50.0;Kings;DEPARTMENT OF TRANSPORTATION
HZG1526;2020-04-13;36;50.0;Queens;DEPARTMENT OF TRANSPORTATION
JGS8262;2019-11-05;36;50.0;Richmond;DEPARTMENT OF TRANSPORTATION
HWT6301;2019-11-05;36;50.0;Richmond;DEPARTMENT OF TRANSPORTATION
M93LHU;2022-09-18;7;50.0;Queens;DEPARTMENT OF TRANSPORTATION
JKP6424;2021-09-10;36;50.0;Kings;DEPARTMENT OF TRANSPORTATION
HKE4653;2021-06-25;7;50.0;Richmond;DEPARTMENT OF TRANSPORTATION
KLZ3964;2021-06-25;7;50.0;Queens;DEPARTMENT OF TRANSPORTATION
HDW4725;2021-10-11;36;50.0;Queens;DEPARTMENT OF TRANSPORTATION
HCW9763;2021-10-11;36;50.0;Queens;DEPARTMENT OF TRANSPORTATION
FFW3862;2021-09-10;36;50.0;Queens;DEPARTMENT OF TRANSPORTATION
JAW9200;2021-11-10;36;50.0;Queens;DEPARTMENT OF TRANSPORTATION
T718823C;2022-08-02;36;50.0;Queens;DEPARTMENT OF TRANSPORTATION
GNG2592;2020-04-13;36;50.0;Queens;DEPARTMENT OF TRANSPORTATION
T775993C;2020-04-13;36;50.0;Kings;DEPARTMENT OF TRANSPORTATION
JMN7410;2020-05-18;36;50.0;Richmond;DEPARTMENT OF TRANSPORTATION
SRR577;2020-05-18;36;50.0;Richmond;DEPARTMENT OF TRANSPORTATION
802EMTP;2020-05-18;36;50.0;Bronx;DEPARTMENT OF TRANSPORTATION
KGJ8841;2022-08-02;36;50.0;Bronx;DEPARTMENT OF TRANSPORTATION
K36EHY;2021-09-10;36;50.0;Kings;DEPARTMENT OF TRANSPORTATION
HUS9777;2020-05-18;36;50.0;Bronx;DEPARTMENT OF TRANSPORTATION
KED4949;2020-10-14;98;95.0;Bronx;POLICE DEPARTMENT
JGM7097;2020-05-18;36;50.0;Kings;DEPARTMENT OF TRANSPORTATION
HDM5023;2020-05-18;36;50.0;Queens;DEPARTMENT OF TRANSPORTATION
RAZ294;2019-11-06;36;50.0;New York City;DEPARTMENT OF TRANSPORTATION
V29HYV;2019-11-06;36;50.0;New York City;DEPARTMENT OF TRANSPORTATION
T20CWP;2019-11-06;36;50.0;New York City;DEPARTMENT OF TRANSPORTATION
HEF1851;2020-05-18;36;50.0;Kings;DEPARTMENT OF TRANSPORTATION
786AAA;2019-11-06;36;50.0;New York City;DEPARTMENT OF TRANSPORTATION
DKY4248;2020-07-09;36;50.0;Bronx;DEPARTMENT OF TRANSPORTATION
HVD5667;2018-10-09;36;50.0;Queens;DEPARTMENT OF TRANSPORTATION
84239MN;2020-04-13;36;50.0;New York City;DEPARTMENT OF TRANSPORTATION
JRS9194;2021-09-10;36;50.0;Kings;DEPARTMENT OF TRANSPORTATION
AMF217;2022-12-17;36;50.0;Richmond;DEPARTMENT OF TRANSPORTATION
W50DLK;2022-08-02;36;50.0;Richmond;DEPARTMENT OF TRANSPORTATION
91027MJ;2018-11-27;14;115.0;New York City;TRAFFIC
204TME;2019-11-06;36;50.0;New York City;DEPARTMENT OF TRANSPORTATION
JNA6296;2021-09-10;36;50.0;Queens;DEPARTMENT OF TRANSPORTATION
T644242C;2021-06-25;7;50.0;Kings;DEPARTMENT OF TRANSPORTATION
HJV4431;2018-10-09;36;50.0;Bronx;DEPARTMENT OF TRANSPORTATION
GCU9152;2021-09-10;36;50.0;New York City;DEPARTMENT OF TRANSPORTATION
JFN9023;2022-02-09;38;35.0;Queens;TRAFFIC
JNR1817;2021-09-10;36;50.0;Richmond;DEPARTMENT OF TRANSPORTATION
GAL9622;2021-10-11;36;50.0;Kings;DEPARTMENT OF TRANSPORTATION
HVV3050;2021-10-11;36;50.0;Queens;DEPARTMENT OF TRANSPORTATION
GKX2325;2022-07-16;7;50.0;Kings;DEPARTMENT OF TRANSPORTATION
JLH6543;2019-11-06;36;50.0;Kings;DEPARTMENT OF TRANSPORTATION
87TM18;2019-11-06;36;50.0;New York City;DEPARTMENT OF TRANSPORTATION
5LV532;2019-11-06;36;50.0;New York City;DEPARTMENT OF TRANSPORTATION
JLP6375;2019-11-07;36;50.0;Queens;DEPARTMENT OF TRANSPORTATION
FDY7853;2019-11-07;36;50.0;Kings;DEPARTMENT OF TRANSPORTATION
27243ME;2019-11-07;36;50.0;Kings;DEPARTMENT OF TRANSPORTATION
KFN3778;2021-09-10;36;50.0;Queens;DEPARTMENT OF TRANSPORTATION
JUAN1334;2021-09-10;36;50.0;Kings;DEPARTMENT OF TRANSPORTATION
B57LGC;2019-11-06;36;50.0;Queens;DEPARTMENT OF TRANSPORTATION
Z569GY;2022-12-17;36;50.0;Bronx;DEPARTMENT OF TRANSPORTATION
T762384C;2022-08-25;36;50.0;Bronx;DEPARTMENT OF TRANSPORTATION
FMG8917;2019-12-20;19;115.0;Queens;TRAFFIC
27253MD;2019-11-07;36;50.0;Queens;DEPARTMENT OF TRANSPORTATION
HNV1342;2018-10-09;36;50.0;Queens;DEPARTMENT OF TRANSPORTATION
JPR4241;2020-04-13;36;50.0;Kings;DEPARTMENT OF TRANSPORTATION
T766938C;2019-11-07;36;50.0;Bronx;DEPARTMENT OF TRANSPORTATION
CMX7661;2020-04-13;36;50.0;Kings;DEPARTMENT OF TRANSPORTATION
EUD3687;2021-10-11;36;50.0;Kings;DEPARTMENT OF TRANSPORTATION
JPH4606;2020-04-13;36;50.0;Kings;DEPARTMENT OF TRANSPORTATION
12606SH;2019-11-07;36;50.0;Kings;DEPARTMENT OF TRANSPORTATION
A19LCZ;2019-11-07;36;50.0;Kings;DEPARTMENT OF TRANSPORTATION
AGY5208;2019-11-07;36;50.0;Kings;DEPARTMENT OF TRANSPORTATION
64523PC;2019-11-07;36;50.0;New York City;DEPARTMENT OF TRANSPORTATION
RKF269;2019-11-07;36;50.0;Kings;DEPARTMENT OF TRANSPORTATION
HXM2635;2019-11-07;36;50.0;Kings;DEPARTMENT OF TRANSPORTATION
HRE3788;2021-09-10;36;50.0;Bronx;DEPARTMENT OF TRANSPORTATION
T17NJR;2021-10-29;36;50.0;Kings;DEPARTMENT OF TRANSPORTATION
JKY8312;2021-10-11;36;50.0;Kings;DEPARTMENT OF TRANSPORTATION
MYRAM15;2021-11-15;36;50.0;Kings;DEPARTMENT OF TRANSPORTATION
GMH9775;2021-09-10;36;50.0;Queens;DEPARTMENT OF TRANSPORTATION
JCU6222;2020-04-13;36;50.0;Queens;DEPARTMENT OF TRANSPORTATION
GRG3293;2018-10-09;36;50.0;Kings;DEPARTMENT OF TRANSPORTATION
Y37LGB;2020-04-13;36;50.0;Kings;DEPARTMENT OF TRANSPORTATION
24882MH;2020-04-13;36;50.0;Kings;DEPARTMENT OF TRANSPORTATION
JLK6608;2020-07-09;36;50.0;Queens;DEPARTMENT OF TRANSPORTATION
GAD2841;2021-09-10;36;50.0;Queens;DEPARTMENT OF TRANSPORTATION
GGS7879;2020-07-09;36;50.0;Kings;DEPARTMENT OF TRANSPORTATION
GLN9346;2021-09-10;36;50.0;Queens;DEPARTMENT OF TRANSPORTATION
X84LAZ;2019-11-27;31;115.0;New York City;TRAFFIC
JGT7246;2021-11-15;36;50.0;Queens;DEPARTMENT OF TRANSPORTATION
FCW1679;2022-08-22;36;50.0;Richmond;DEPARTMENT OF TRANSPORTATION
R61HXF;2020-04-13;36;50.0;Kings;DEPARTMENT OF TRANSPORTATION
JPH3799;2022-12-17;36;50.0;Kings;DEPARTMENT OF TRANSPORTATION
JLN7550;2019-11-07;36;50.0;Queens;DEPARTMENT OF TRANSPORTATION
HWU8282;2019-11-07;36;50.0;Bronx;DEPARTMENT OF TRANSPORTATION
JLP1404;2019-11-07;36;50.0;Queens;DEPARTMENT OF TRANSPORTATION
J29NJC;2022-09-18;7;50.0;Kings;DEPARTMENT OF TRANSPORTATION
554740;2019-11-07;36;50.0;Queens;DEPARTMENT OF TRANSPORTATION
GEK6634;2017-07-21;70;65.0;Richmond;TRAFFIC
FTB6834;2017-06-27;40;115.0;Richmond;TRAFFIC
HFD4964;2020-04-13;36;50.0;Kings;DEPARTMENT OF TRANSPORTATION
JMT9697;2020-04-13;36;50.0;Kings;DEPARTMENT OF TRANSPORTATION
12211MG;2020-08-06;14;115.0;Bronx;TRAFFIC
254107E;2022-08-22;36;50.0;Bronx;DEPARTMENT OF TRANSPORTATION
JPY6146;2020-04-13;36;50.0;Kings;DEPARTMENT OF TRANSPORTATION
T778263C;2020-04-13;36;50.0;Queens;DEPARTMENT OF TRANSPORTATION
DND5517;2020-04-13;36;50.0;New York City;DEPARTMENT OF TRANSPORTATION
12211MG;2020-08-07;14;115.0;Bronx;TRAFFIC
JRA7298;2020-02-26;71;65.0;Kings;TRAFFIC
GLY3308;2022-12-17;36;50.0;Queens;DEPARTMENT OF TRANSPORTATION
GZY5180;2022-04-25;36;50.0;Kings;DEPARTMENT OF TRANSPORTATION
G4SNA1;2020-04-13;36;50.0;Kings;DEPARTMENT OF TRANSPORTATION
T764335C;2020-04-13;36;50.0;Bronx;DEPARTMENT OF TRANSPORTATION
GCK9439;2022-04-25;36;50.0;Kings;DEPARTMENT OF TRANSPORTATION
HSZ2406;2022-12-17;36;50.0;Kings;DEPARTMENT OF TRANSPORTATION
37UC74;2022-12-17;36;50.0;Queens;DEPARTMENT OF TRANSPORTATION
26638MN;2022-08-02;36;50.0;Queens;DEPARTMENT OF TRANSPORTATION
JHV8879;2020-04-13;36;50.0;Kings;DEPARTMENT OF TRANSPORTATION
54050PC;2018-09-01;19;115.0;New York City;TRAFFIC
BZH2727;2020-04-13;36;50.0;Kings;DEPARTMENT OF TRANSPORTATION
HUT1545;2021-06-25;7;50.0;Queens;DEPARTMENT OF TRANSPORTATION
KFR2863;2021-10-11;36;50.0;Queens;DEPARTMENT OF TRANSPORTATION
KPK6086;2021-09-10;36;50.0;Queens;DEPARTMENT OF TRANSPORTATION
BWX1797;2021-10-11;36;50.0;Kings;DEPARTMENT OF TRANSPORTATION
JCY3986;2021-10-11;36;50.0;Kings;DEPARTMENT OF TRANSPORTATION
FYL8338;2021-10-11;36;50.0;Queens;DEPARTMENT OF TRANSPORTATION
B55LHK;2021-11-10;36;50.0;Queens;DEPARTMENT OF TRANSPORTATION
JMG2499;2021-10-11;36;50.0;Queens;DEPARTMENT OF TRANSPORTATION
HVZ6504;2021-10-11;36;50.0;Queens;DEPARTMENT OF TRANSPORTATION
FZB7406;2021-10-29;36;50.0;Queens;DEPARTMENT OF TRANSPORTATION
23675NC;2021-12-16;36;50.0;Bronx;DEPARTMENT OF TRANSPORTATION
GBH3261;2019-11-07;36;50.0;New York City;DEPARTMENT OF TRANSPORTATION
AEP7534;2019-11-07;36;50.0;Kings;DEPARTMENT OF TRANSPORTATION
KEH1089;2021-09-10;36;50.0;Queens;DEPARTMENT OF TRANSPORTATION
KKR4236;2022-07-16;7;50.0;Bronx;DEPARTMENT OF TRANSPORTATION
AVM9053;2022-12-17;36;50.0;Queens;DEPARTMENT OF TRANSPORTATION
JJY2839;2022-08-26;36;50.0;Kings;DEPARTMENT OF TRANSPORTATION
27156TC;2019-09-17;14;115.0;New York City;TRAFFIC
2915923;2019-09-16;69;65.0;New York City;TRAFFIC
2915923;2019-09-16;84;65.0;New York City;TRAFFIC
T662990C;2020-04-13;36;50.0;Queens;DEPARTMENT OF TRANSPORTATION
GPK9425;2020-07-09;36;50.0;Queens;DEPARTMENT OF TRANSPORTATION
35TG44;2019-06-14;51;115.0;Bronx;TRAFFIC
FHZ7218;2020-07-09;36;50.0;Queens;DEPARTMENT OF TRANSPORTATION
JRU7732;2021-06-25;7;50.0;New York City;DEPARTMENT OF TRANSPORTATION
CSL7663;2021-09-10;36;50.0;Queens;DEPARTMENT OF TRANSPORTATION
T723056C;2020-04-13;36;50.0;Bronx;DEPARTMENT OF TRANSPORTATION
HEZ8344;2021-10-11;36;50.0;Queens;DEPARTMENT OF TRANSPORTATION
KNK2438;2021-09-10;36;50.0;Kings;DEPARTMENT OF TRANSPORTATION
SAHARA70;2021-09-10;36;50.0;Kings;DEPARTMENT OF TRANSPORTATION
KGF4104;2020-10-01;16;95.0;New York City;TRAFFIC
HHE7062;2020-07-09;36;50.0;Kings;DEPARTMENT OF TRANSPORTATION
JPW1594;2020-07-09;36;50.0;Kings;DEPARTMENT OF TRANSPORTATION
F46LRN;2020-04-13;36;50.0;New York City;DEPARTMENT OF TRANSPORTATION
KSF2330;2021-10-29;36;50.0;New York City;DEPARTMENT OF TRANSPORTATION
RLU0895;2021-11-10;36;50.0;Kings;DEPARTMENT OF TRANSPORTATION
JTK118;2021-10-29;36;50.0;Queens;DEPARTMENT OF TRANSPORTATION
Z69CZU;2022-08-02;36;50.0;Queens;DEPARTMENT OF TRANSPORTATION
34913PC;2018-06-27;84;65.0;New York City;TRAFFIC
LLN8886;2021-08-31;36;50.0;New York City;DEPARTMENT OF TRANSPORTATION
27156TC;2019-09-17;84;65.0;New York City;TRAFFIC
T672709C;2020-04-13;36;50.0;Queens;DEPARTMENT OF TRANSPORTATION
VMT19C;2020-10-09;9;115.0;New York City;TRAFFIC
HJR4330;2021-08-31;36;50.0;Queens;DEPARTMENT OF TRANSPORTATION
DLM9310;2020-07-09;36;50.0;Queens;DEPARTMENT OF TRANSPORTATION
KLD7414;2021-08-31;36;50.0;Queens;DEPARTMENT OF TRANSPORTATION
VED8015;2021-10-11;36;50.0;Queens;DEPARTMENT OF TRANSPORTATION
FHV6695;2021-10-29;36;50.0;Queens;DEPARTMENT OF TRANSPORTATION
KHM1910;2021-11-10;36;50.0;Queens;DEPARTMENT OF TRANSPORTATION
JFM5263;2021-12-16;36;50.0;Kings;DEPARTMENT OF TRANSPORTATION
JAU6461;2021-10-11;36;50.0;Bronx;DEPARTMENT OF TRANSPORTATION
JFT9108;2021-10-11;36;50.0;Bronx;DEPARTMENT OF TRANSPORTATION
HZY4453;2022-03-11;36;50.0;Kings;DEPARTMENT OF TRANSPORTATION
KFY9279;2021-10-11;36;50.0;Bronx;DEPARTMENT OF TRANSPORTATION
KFN7700;2022-08-02;36;50.0;Queens;DEPARTMENT OF TRANSPORTATION
CWP3434;2019-09-26;5;50.0;Queens;DEPARTMENT OF TRANSPORTATION
63018ME;2019-11-07;36;50.0;Kings;DEPARTMENT OF TRANSPORTATION
EDB2088;2019-09-26;5;50.0;Bronx;DEPARTMENT OF TRANSPORTATION
JGZ2769;2020-04-13;36;50.0;Queens;DEPARTMENT OF TRANSPORTATION
M807KE;2020-07-09;36;50.0;Kings;DEPARTMENT OF TRANSPORTATION
CFJ3608;2020-04-13;36;50.0;Queens;DEPARTMENT OF TRANSPORTATION
JGP1552;2020-04-13;36;50.0;Queens;DEPARTMENT OF TRANSPORTATION
T724114C;2020-07-09;36;50.0;Kings;DEPARTMENT OF TRANSPORTATION
18052TX;2022-03-11;36;50.0;Bronx;DEPARTMENT OF TRANSPORTATION
AT845K;2019-11-25;46;115.0;New York City;TRAFFIC
ARH6181;2020-04-13;36;50.0;Richmond;DEPARTMENT OF TRANSPORTATION
FYA8627;2019-11-07;36;50.0;Kings;DEPARTMENT OF TRANSPORTATION
JFP2528;2019-11-07;36;50.0;Kings;DEPARTMENT OF TRANSPORTATION
AU6633;2019-11-07;36;50.0;Queens;DEPARTMENT OF TRANSPORTATION
T714100C;2019-11-07;36;50.0;Bronx;DEPARTMENT OF TRANSPORTATION
N84LAC;2020-04-13;36;50.0;Bronx;DEPARTMENT OF TRANSPORTATION
KDZ9284;2022-08-02;36;50.0;Queens;DEPARTMENT OF TRANSPORTATION
SV993G;2022-09-19;7;50.0;Richmond;DEPARTMENT OF TRANSPORTATION
T687104C;2020-04-13;36;50.0;Kings;DEPARTMENT OF TRANSPORTATION
78584JW;2019-09-19;69;65.0;New York City;TRAFFIC
4200EMT;2019-11-07;36;50.0;Kings;DEPARTMENT OF TRANSPORTATION
T778477C;2019-11-07;36;50.0;Kings;DEPARTMENT OF TRANSPORTATION